name,rating,year,released,score,votes,director,writer,country,budget,gross,company,runtime,wins,nominations,genre1,genre2,genre3,genre4,genre5,star1,star2,star3,star4,star5
The Princess Bride,PG,1987,"October 9, 1987 (United States)",8.0,420000.0,Rob Reiner,William Goldman,United States,16000000.0,30902442.0,Act III Communications,98,7,10,Adventure,Family,Fantasy,,,Cary Elwes,Mandy Patinkin,Robin Wright,,
Full Metal Jacket,R,1987,"July 10, 1987 (United States)",8.3,721000.0,Stanley Kubrick,Stanley Kubrick,United Kingdom,30000000.0,46357676.0,Warner Bros.,116,8,15,Drama,War,,,,Matthew Modine,R. Lee Ermey,Vincent D'Onofrio,,
The Last Emperor,PG-13,1987,"April 15, 1988 (United States)",7.7,101000.0,Bernardo Bertolucci,Enzo Ungari,United Kingdom,,43993869.0,Yanco Films Limited,163,60,22,Biography,Drama,History,,,John Lone,Joan Chen,Peter O'Toole,,
Dirty Dancing,PG-13,1987,"August 21, 1987 (United States)",7.0,224000.0,Emile Ardolino,Eleanor Bergstein,United States,6000000.0,214577242.0,Great American Films Limited Partnership,100,11,6,Drama,Music,Romance,,,Patrick Swayze,Jennifer Grey,Jerry Orbach,,
RoboCop,R,1987,"July 17, 1987 (United States)",7.6,251000.0,Paul Verhoeven,Edward Neumeier,United States,13000000.0,53425389.0,Orion Pictures,102,11,13,Action,Crime,Sci-Fi,,,Peter Weller,Nancy Allen,Dan O'Herlihy,,
Angel Heart,X,1987,"March 6, 1987 (United States)",7.3,87000.0,Alan Parker,William Hjortsberg,United Kingdom,17000000.0,17186348.0,Carolco International N.V.,113,2,4,Horror,Mystery,Thriller,,,Mickey Rourke,Robert De Niro,Lisa Bonet,,
The Lost Boys,R,1987,"July 31, 1987 (United States)",7.2,138000.0,Joel Schumacher,Jan Fischer,United States,8500000.0,32481775.0,Warner Bros.,97,3,5,Comedy,Horror,,,,Jason Patric,Corey Haim,Dianne Wiest,,
Spaceballs,PG,1987,"June 24, 1987 (United States)",7.1,186000.0,Mel Brooks,Mel Brooks,United States,22700000.0,38119483.0,Brooksfilms,96,0,0,Adventure,Comedy,Sci-Fi,,,Mel Brooks,John Candy,Rick Moranis,,
Predator,R,1987,"June 12, 1987 (United States)",7.8,398000.0,John McTiernan,Jim Thomas,United States,15000000.0,98268458.0,Twentieth Century Fox,107,3,6,Action,Adventure,Horror,,,Arnold Schwarzenegger,Carl Weathers,Kevin Peter Hall,,
Empire of the Sun,PG,1987,"December 25, 1987 (United States)",7.7,124000.0,Steven Spielberg,Tom Stoppard,United States,35000000.0,22238696.0,Amblin Entertainment,153,13,17,Drama,History,War,,,Christian Bale,John Malkovich,Miranda Richardson,,
Can't Buy Me Love,PG-13,1987,"August 14, 1987 (United States)",6.8,37000.0,Steve Rash,Michael Swerdlick,United States,,31623833.0,Touchstone Pictures,94,0,3,Comedy,Drama,Romance,,,Patrick Dempsey,Amanda Peterson,Courtney Gains,,
The Untouchables,R,1987,"June 3, 1987 (United States)",7.9,302000.0,Brian De Palma,David Mamet,United States,25000000.0,76270454.0,Paramount Pictures,119,11,16,Crime,Drama,Thriller,,,Kevin Costner,Sean Connery,Robert De Niro,,
Fatal Attraction,R,1987,"September 18, 1987 (United States)",6.9,84000.0,Adrian Lyne,James Dearden,United States,14000000.0,320145693.0,Paramount Pictures,119,7,22,Drama,Thriller,,,,Michael Douglas,Glenn Close,Anne Archer,,
Wall Street,R,1987,"December 11, 1987 (United States)",7.3,153000.0,Oliver Stone,Stanley Weiser,United States,15000000.0,43848069.0,Twentieth Century Fox,126,10,5,Crime,Drama,,,,Charlie Sheen,Michael Douglas,Tamara Tunie,,
Lethal Weapon,R,1987,"March 6, 1987 (United States)",7.6,253000.0,Richard Donner,Shane Black,United States,15000000.0,120207127.0,Warner Bros.,109,7,2,Action,Crime,Thriller,,,Mel Gibson,Danny Glover,Gary Busey,,
Moonstruck,PG,1987,"January 15, 1988 (United States)",7.1,58000.0,Norman Jewison,John Patrick Shanley,United States,15000000.0,80642217.0,Metro-Goldwyn-Mayer (MGM),102,18,19,Comedy,Drama,Romance,,,Cher,Nicolas Cage,Olympia Dukakis,,
The Running Man,R,1987,"November 13, 1987 (United States)",6.7,150000.0,Paul Michael Glaser,Stephen King,United States,27000000.0,38122105.0,TAFT Entertainment Pictures,101,0,3,Action,Sci-Fi,Thriller,,,Arnold Schwarzenegger,Maria Conchita Alonso,Yaphet Kotto,,
Adventures in Babysitting,PG-13,1987,"July 3, 1987 (United States)",6.9,43000.0,Chris Columbus,David Simkins,United States,7000000.0,34368475.0,Touchstone Pictures,102,2,4,Adventure,Comedy,Crime,,,Elisabeth Shue,Maia Brewton,Keith Coogan,,
Evil Dead II,R,1987,"March 13, 1987 (United States)",7.7,159000.0,Sam Raimi,Sam Raimi,United States,3600000.0,5924421.0,Renaissance Pictures,84,0,5,Comedy,Horror,,,,Bruce Campbell,Sarah Berry,Dan Hicks,,
Hellraiser,R,1987,"September 18, 1987 (United States)",7.0,117000.0,Clive Barker,Clive Barker,United Kingdom,,14575526.0,Film Futures,94,2,6,Horror,Thriller,,,,Andrew Robinson,Clare Higgins,Ashley Laurence,,
Raising Arizona,PG-13,1987,"April 17, 1987 (United States)",7.3,136000.0,Joel Coen,Ethan Coen,United States,6000000.0,29180280.0,Circle Films,94,0,4,Comedy,Crime,,,,Nicolas Cage,Holly Hunter,Trey Wilson,,
"Rita, Sue and Bob Too",R,1987,"May 29, 1987 (United Kingdom)",6.5,4000.0,Alan Clarke,Andrea Dunbar,United Kingdom,,124167.0,British Screen Productions,93,0,0,Comedy,Drama,,,,Siobhan Finneran,Michelle Holmes,George Costigan,,
Masters of the Universe,PG,1987,"August 7, 1987 (United States)",5.3,40000.0,Gary Goddard,David Odell,United States,22000000.0,17336370.0,Golan-Globus Productions,106,2,5,Action,Adventure,Fantasy,,,Dolph Lundgren,Frank Langella,Meg Foster,,
Roxanne,PG,1987,"June 19, 1987 (United States)",6.6,45000.0,Fred Schepisi,Edmond Rostand,United States,12000000.0,40050884.0,Columbia Pictures Industries,107,3,2,Comedy,Romance,,,,Steve Martin,Daryl Hannah,Rick Rossovich,,
"Good Morning, Vietnam",R,1987,"January 15, 1988 (United States)",7.3,137000.0,Barry Levinson,Mitch Markowitz,United States,13000000.0,123922370.0,Touchstone Pictures,121,7,4,Biography,Comedy,Drama,,,Robin Williams,Forest Whitaker,Tom. T. Tran,,
Mannequin,PG,1987,"February 13, 1987 (United States)",5.9,32000.0,Michael Gottlieb,Edward Rugoff,United States,6000000.0,42721196.0,Gladden Entertainment,90,5,4,Comedy,Fantasy,Romance,,,Andrew McCarthy,Kim Cattrall,Estelle Getty,,
La Bamba,PG-13,1987,"July 24, 1987 (United States)",6.9,33000.0,Luis Valdez,Luis Valdez,United States,6500000.0,54215416.0,Columbia Pictures,108,3,3,Biography,Drama,Music,,,Lou Diamond Phillips,Esai Morales,Rosanna DeSoto,,
Near Dark,R,1987,"January 8, 1988 (United Kingdom)",6.9,38000.0,Kathryn Bigelow,Eric Red,United States,5000000.0,3369307.0,F/M,94,0,9,Horror,,,,,Adrian Pasdar,Jenny Wright,Lance Henriksen,,
No Way Out,R,1987,"August 14, 1987 (United States)",7.1,40000.0,Roger Donaldson,Kenneth Fearing,United States,15000000.0,35509515.0,Orion Pictures,114,0,0,Action,Crime,Drama,,,Kevin Costner,Gene Hackman,Sean Young,,
Summer School,PG-13,1987,"July 22, 1987 (United States)",6.6,20000.0,Carl Reiner,Stuart Birnbaum,United States,,35659098.0,Paramount Pictures,97,0,0,Comedy,Romance,,,,Mark Harmon,Kirstie Alley,Robin Thomas,,
Broadcast News,R,1987,"December 25, 1987 (United States)",7.2,31000.0,James L. Brooks,James L. Brooks,United States,20000000.0,67331309.0,Amercent Films,133,15,24,Comedy,Drama,Romance,,,William Hurt,Albert Brooks,Holly Hunter,,
A Nightmare on Elm Street 3: Dream Warriors,R,1987,"February 27, 1987 (United States)",6.6,79000.0,Chuck Russell,Wes Craven,United States,4500000.0,44793222.0,New Line Cinema,96,0,4,Fantasy,Horror,,,,Heather Langenkamp,Robert Englund,Craig Wasson,,
Over the Top,PG,1987,"February 13, 1987 (United States)",5.8,54000.0,Menahem Golan,Gary Conway,United States,25000000.0,16057580.0,The Cannon Group,93,4,2,Action,Drama,Sport,,,Sylvester Stallone,Robert Loggia,Susan Blakely,,
The Living Daylights,PG,1987,"July 31, 1987 (United States)",6.7,97000.0,John Glen,Richard Maibaum,United Kingdom,40000000.0,51186259.0,Eon Productions,130,3,4,Action,Adventure,Thriller,,,Timothy Dalton,Maryam d'Abo,Jeroen Krabbé,,
Beverly Hills Cop II,R,1987,"May 20, 1987 (United States)",6.5,117000.0,Tony Scott,Danilo Bach,United States,28000000.0,299965036.0,Paramount Pictures,100,6,4,Action,Comedy,Crime,,,Eddie Murphy,Judge Reinhold,Jürgen Prochnow,,
Blind Date,PG-13,1987,"March 27, 1987 (United States)",5.9,22000.0,Blake Edwards,Dale Launer,United States,16000000.0,39337581.0,TriStar Pictures,95,0,0,Comedy,Romance,,,,Kim Basinger,Bruce Willis,John Larroquette,,
Some Kind of Wonderful,PG-13,1987,"February 27, 1987 (United States)",7.0,31000.0,Howard Deutch,John Hughes,United States,,18553948.0,Hughes Entertainment,95,0,0,Drama,Romance,,,,Eric Stoltz,Mary Stuart Masterson,Lea Thompson,,
The Witches of Eastwick,R,1987,"June 12, 1987 (United States)",6.5,69000.0,George Miller,John Updike,United States,22000000.0,63766510.0,Warner Bros.,118,5,13,Comedy,Fantasy,Horror,,,Jack Nicholson,Cher,Susan Sarandon,,
"Planes, Trains & Automobiles",R,1987,"November 25, 1987 (United States)",7.6,138000.0,John Hughes,John Hughes,United States,15000000.0,49530280.0,Paramount Pictures,93,0,0,Comedy,Drama,,,,Steve Martin,John Candy,Laila Robins,,
Innerspace,PG,1987,"July 1, 1987 (United States)",6.8,59000.0,Joe Dante,Jeffrey Boam,United States,27000000.0,25893810.0,Warner Bros.,120,2,4,Action,Adventure,Comedy,,,Dennis Quaid,Martin Short,Meg Ryan,,
Overboard,PG,1987,"December 16, 1987 (United States)",6.9,58000.0,Garry Marshall,Leslie Dixon,United States,22000000.0,26713187.0,Metro-Goldwyn-Mayer (MGM),112,0,3,Comedy,Romance,,,,Goldie Hawn,Kurt Russell,Edward Herrmann,,
The Monster Squad,PG-13,1987,"August 14, 1987 (United States)",7.0,32000.0,Fred Dekker,Shane Black,United States,12000000.0,3769990.0,TAFT Entertainment Pictures,79,3,4,Action,Comedy,Fantasy,,,Andre Gower,Robby Kiger,Stephen Macht,,
Three Men and a Baby,PG,1987,"November 25, 1987 (United States)",6.1,53000.0,Leonard Nimoy,Coline Serreau,United States,11000000.0,167780960.0,Touchstone Pictures,102,2,0,Comedy,Drama,Family,,,Tom Selleck,Steve Guttenberg,Ted Danson,,
Superman IV: The Quest for Peace,PG,1987,"July 24, 1987 (United States)",3.7,48000.0,Sidney J. Furie,Jerry Siegel,United Kingdom,17000000.0,15681020.0,Cannon Films,90,2,6,Action,Adventure,Sci-Fi,,,Christopher Reeve,Gene Hackman,Margot Kidder,,
Withnail & I,R,1987,"June 19, 1987 (United States)",7.6,43000.0,Bruce Robinson,Bruce Robinson,United Kingdom,,1628359.0,Cineplex Odeon Films,107,0,0,Comedy,Drama,,,,Richard E. Grant,Paul McGann,Richard Griffiths,,
Wings of Desire,PG-13,1987,"May 6, 1988 (United States)",8.0,70000.0,Wim Wenders,Wim Wenders,West Germany,,3404057.0,Road Movies Filmproduktion,128,19,16,Drama,Fantasy,Romance,,,Bruno Ganz,Solveig Dommartin,Otto Sander,,
Harry and the Hendersons,PG,1987,"June 5, 1987 (United States)",6.0,35000.0,William Dear,William Dear,United States,10000000.0,49998613.0,Amblin Entertainment,110,2,7,Comedy,Family,Fantasy,,,John Lithgow,Melinda Dillon,Margaret Langrick,,
Prince of Darkness,R,1987,"October 23, 1987 (United States)",6.7,42000.0,John Carpenter,John Carpenter,United States,3000000.0,14182492.0,Alive Films,102,0,2,Horror,,,,,Donald Pleasence,Lisa Blount,Jameson Parker,,
Teen Wolf Too,PG,1987,"November 20, 1987 (United States)",3.4,13000.0,Christopher Leitch,Jeph Loeb,United States,3000000.0,7888703.0,Atlantic Entertainment Group,95,0,0,Comedy,Fantasy,,,,Jason Bateman,Kim Darby,John Astin,,
Flowers in the Attic,PG-13,1987,"November 20, 1987 (United States)",5.7,10000.0,Jeffrey Bloom,Virginia C. Andrews,United States,,15151736.0,New World Pictures,93,0,0,Drama,Mystery,Thriller,,,Louise Fletcher,Victoria Tennant,Kristy Swanson,,
Maurice,R,1987,"September 18, 1987 (United States)",7.7,19000.0,James Ivory,E.M. Forster,United Kingdom,,2642567.0,Merchant Ivory Productions,140,4,3,Drama,Romance,,,,James Wilby,Rupert Graves,Hugh Grant,,
Less Than Zero,R,1987,"November 6, 1987 (United States)",6.4,20000.0,Marek Kanievska,Bret Easton Ellis,United States,,12396383.0,Twentieth Century Fox,98,0,0,Crime,Drama,,,,Andrew McCarthy,Jami Gertz,Robert Downey Jr.,,
Man on Fire,R,1987,"September 4, 1987 (France)",5.8,2200.0,Élie Chouraqui,A.J. Quinnell,France,,519596.0,7 Films Cinéma,92,0,0,Action,Drama,Thriller,,,Scott Glenn,Jade Malle,Joe Pesci,,
Jaws: The Revenge,PG-13,1987,"July 17, 1987 (United States)",3.0,45000.0,Joseph Sargent,Peter Benchley,United States,23000000.0,51881013.0,Universal Pictures,89,0,7,Adventure,Horror,Thriller,,,Lorraine Gary,Lance Guest,Mario Van Peebles,,
Babette's Feast,G,1987,"March 4, 1988 (United States)",7.8,20000.0,Gabriel Axel,Karen Blixen,Denmark,,4637920.0,Panorama Film A/S,103,12,9,Drama,,,,,Stéphane Audran,Bodil Kjer,Birgitte Federspiel,,
Hamburger Hill,R,1987,"August 28, 1987 (United States)",6.7,25000.0,John Irvin,James Carabatsos,United States,,13839404.0,RKO Pictures,110,0,0,Action,Drama,Thriller,,,Anthony Barrile,Michael Boatman,Don Cheadle,,
Throw Momma from the Train,PG-13,1987,"December 11, 1987 (United States)",6.3,37000.0,Danny DeVito,Stu Silver,United States,14000000.0,57915972.0,Orion Pictures,88,2,4,Comedy,Crime,Thriller,,,Danny DeVito,Billy Crystal,Kim Greist,,
Revenge of the Nerds II: Nerds in Paradise,PG-13,1987,"July 10, 1987 (United States)",5.0,14000.0,Joe Roth,Tim Metcalfe,United States,,30063289.0,Twentieth Century Fox,88,0,0,Comedy,,,,,Robert Carradine,Curtis Armstrong,Larry B. Scott,,
Stakeout,R,1987,"August 5, 1987 (United States)",6.7,26000.0,John Badham,Jim Kouf,United States,,65673233.0,Touchstone Pictures,117,2,0,Action,Comedy,Crime,,,Richard Dreyfuss,Emilio Estevez,Madeleine Stowe,,
The Secret of My Success,PG-13,1987,"April 10, 1987 (United States)",6.5,34000.0,Herbert Ross,Jim Cash,United States,12000000.0,110996879.0,Rastar Pictures,111,0,0,Comedy,Romance,,,,Michael J. Fox,Helen Slater,Richard Jordan,,
Creepshow 2,R,1987,"May 1, 1987 (United States)",6.0,25000.0,Michael Gornick,Stephen King,United States,3500000.0,14000000.0,New World Pictures,92,0,0,Fantasy,Horror,,,,George Kennedy,Lois Chiles,Domenick John,,
The Hidden,R,1987,"October 30, 1987 (United States)",7.0,19000.0,Jack Sholder,Jim Kouf,United States,5000000.0,9748233.0,New Line Cinema,97,4,6,Horror,Sci-Fi,Thriller,,,Kyle MacLachlan,Michael Nouri,Claudia Christian,,
Three O'Clock High,PG-13,1987,"October 9, 1987 (United States)",7.1,12000.0,Phil Joanou,Richard Christian Matheson,United States,6000000.0,3685862.0,Aaron Spelling Productions,101,0,0,Comedy,,,,,Casey Siemaszko,Annie Ryan,Richard Tyson,,
*batteries not included,PG,1987,"December 18, 1987 (United States)",6.6,35000.0,Matthew Robbins,Mick Garris,United States,25000000.0,65088797.0,Universal Pictures,106,2,0,Comedy,Family,Fantasy,,,Hume Cronyn,Jessica Tandy,Frank McRae,,
Police Academy 4: Citizens on Patrol,PG,1987,"April 3, 1987 (United States)",4.9,43000.0,Jim Drake,Neal Israel,United States,,28061343.0,Warner Bros.,88,0,2,Comedy,Crime,,,,Steve Guttenberg,Bubba Smith,Michael Winslow,,
The Gate,PG-13,1987,"May 15, 1987 (United States)",6.0,17000.0,Tibor Takács,Michael Nankin,Canada,,13539458.0,New Century Entertainment,85,2,2,Fantasy,Horror,,,,Stephen Dorff,Christa Denton,Louis Tripp,,
Amazon Women on the Moon,R,1987,"September 18, 1987 (United States)",6.2,12000.0,Directors,Michael Barrie,United States,,548696.0,Universal Pictures,85,0,0,Comedy,Sci-Fi,,,,Rosanna Arquette,Michelle Pfeiffer,Arsenio Hall,,
Barfly,R,1987,"October 16, 1987 (United States)",7.2,20000.0,Barbet Schroeder,Charles Bukowski,United States,3000000.0,3221568.0,Golan-Globus Productions,100,0,5,Comedy,Drama,Romance,,,Mickey Rourke,Faye Dunaway,Alice Krige,,
Suspect,R,1987,"October 23, 1987 (United States)",6.6,10000.0,Peter Yates,Eric Roth,United States,14500000.0,18782400.0,TriStar Pictures,121,0,0,Crime,Drama,Thriller,,,Cher,Dennis Quaid,Liam Neeson,,
The Stepfather,R,1987,"June 5, 1987 (United States)",6.7,15000.0,Joseph Ruben,Carolyn Lefcourt,United Kingdom,,2488740.0,Incorporated Television Company (ITC),89,2,8,Horror,Thriller,,,,Terry O'Quinn,Jill Schoelen,Shelley Hack,,
Ishtar,PG-13,1987,"May 15, 1987 (United States)",4.6,11000.0,Elaine May,Elaine May,United States,55000000.0,14375181.0,Columbia Pictures,107,0,3,Action,Adventure,Comedy,,,Warren Beatty,Dustin Hoffman,Isabelle Adjani,,
"Goodbye, Children",PG,1987,"February 12, 1988 (United States)",8.0,33000.0,Louis Malle,Louis Malle,France,,4575613.0,Nouvelles Éditions de Films (NEF),104,28,13,Drama,War,,,,Gaspard Manesse,Raphael Fejtö,Francine Racette,,
Ernest Goes to Camp,PG,1987,"May 22, 1987 (United States)",5.5,11000.0,John R. Cherry III,John R. Cherry III,United States,3500000.0,23509382.0,Emshell Producers,92,0,0,Comedy,Family,,,,Jim Varney,Victoria Racimo,John Vernon,,
Malone,R,1987,"May 1, 1987 (United States)",5.8,3100.0,Harley Cokeliss,Christopher Frank,United States,10000000.0,3060858.0,Orion Pictures,92,0,0,Action,Drama,Thriller,,,Burt Reynolds,Cliff Robertson,Kenneth McMillan,,
Cry Freedom,PG,1987,"November 6, 1987 (United States)",7.4,13000.0,Richard Attenborough,John Briley,United Kingdom,29000000.0,5899797.0,Universal Pictures,157,5,16,Biography,Drama,History,,,Denzel Washington,Kevin Kline,Josette Simon,,
Pelle the Conqueror,PG-13,1987,"December 21, 1988 (United States)",7.8,11000.0,Bille August,Martin Andersen Nexø,Denmark,,2063688.0,Per Holst Filmproduktion,157,22,10,Drama,,,,,Pelle Hvenegaard,Max von Sydow,Erik Paaske,,
Cherry 2000,PG-13,1987,"February 5, 1988 (United States)",5.5,9700.0,Steve De Jarnatt,Lloyd Fonvielle,United States,10000000.0,,Orion Pictures,99,0,0,Action,Adventure,Comedy,,,Melanie Griffith,David Andrews,Pamela Gidley,,
Dragnet,PG-13,1987,"June 26, 1987 (United States)",6.0,34000.0,Tom Mankiewicz,Dan Aykroyd,United States,20000000.0,66673516.0,Applied Action,106,0,0,Comedy,Crime,,,,Dan Aykroyd,Tom Hanks,Christopher Plummer,,
The Barbarians,R,1987,"March 20, 1987 (United States)",4.9,4000.0,Ruggero Deodato,Alberto Piferi,Italy,4000000.0,800000.0,Canon Italia S.r.l.,87,0,0,Action,Adventure,Fantasy,,,David Paul,Peter Paul,Richard Lynch,,
Someone to Watch Over Me,R,1987,"October 9, 1987 (United States)",6.1,10000.0,Ridley Scott,Howard Franklin,United States,12800000.0,10278549.0,Columbia Pictures,106,0,2,Crime,Drama,Romance,,,Tom Berenger,Mimi Rogers,Lorraine Bracco,,
Gandahar,PG,1987,"September 20, 1989 (United States)",7.0,4800.0,René Laloux,René Laloux,France,,370698.0,Col.Ima.Son,78,0,0,Animation,Adventure,Fantasy,,,Glenn Close,Christopher Plummer,Pierre-Marie Escourrou,,
Hope and Glory,PG-13,1987,"February 19, 1988 (United States)",7.3,13000.0,John Boorman,John Boorman,United Kingdom,,10021120.0,Columbia Pictures,113,16,29,Comedy,Drama,Romance,,,Sarah Miles,David Hayman,Sebastian Rice-Edwards,,
Aria,R,1987,"September 15, 1987 (United States)",5.7,2800.0,Directors,Robert Altman,United Kingdom,,1028679.0,Lightyear Entertainment,90,0,0,Comedy,Drama,Music,,,John Hurt,Theresa Russell,Stephanie Lane,,
The Garbage Pail Kids Movie,PG,1987,"April 7, 1988 (Australia)",2.6,8000.0,Rod Amateau,Linda Palmer,United States,1000000.0,1576615.0,Atlantic Entertainment Group,100,0,4,Adventure,Comedy,Family,,,Anthony Newley,Mackenzie Astin,Phil Fondacaro,,
Extreme Prejudice,R,1987,"April 24, 1987 (United States)",6.6,7100.0,Walter Hill,John Milius,United States,22000000.0,11307844.0,Carolco Pictures,104,0,0,Action,Crime,Drama,,,Nick Nolte,Powers Boothe,Michael Ironside,,
Baby Boom,PG,1987,"October 30, 1987 (United States)",6.2,17000.0,Charles Shyer,Nancy Meyers,United States,,26712476.0,United Artists,110,0,5,Comedy,Drama,Romance,,,Diane Keaton,Sam Shepard,Harold Ramis,,
The Fourth Protocol,R,1987,"August 28, 1987 (United States)",6.5,9900.0,John Mackenzie,George Axelrod,United Kingdom,6000000.0,12423831.0,Fourth Protocol,119,0,0,Thriller,,,,,Michael Caine,Pierce Brosnan,Ned Beatty,,
House II: The Second Story,PG-13,1987,"August 28, 1987 (United States)",5.4,11000.0,Ethan Wiley,Fred Dekker,United States,,7800000.0,New World Pictures,88,0,0,Comedy,Fantasy,Horror,,,Arye Gross,Jonathan Stark,Royal Dano,,
Ironweed,R,1987,"February 12, 1988 (United States)",6.7,9100.0,Hector Babenco,William Kennedy,United States,27000000.0,7393346.0,Home Box Office (HBO),143,2,4,Drama,,,,,Jack Nicholson,Meryl Streep,Carroll Baker,,
Who's That Girl,PG,1987,"August 7, 1987 (United States)",4.8,10000.0,James Foley,Andrew Smith,United States,17000000.0,7305209.0,The Guber-Peters Company,92,2,7,Comedy,Music,Romance,,,Madonna,Griffin Dunne,Haviland Morris,,
House of Games,R,1987,"October 14, 1987 (United States)",7.2,22000.0,David Mamet,David Mamet,United States,,2585639.0,Filmhaus,102,6,5,Crime,Thriller,,,,Lindsay Crouse,Joe Mantegna,Mike Nussbaum,,
Black Widow,R,1987,"February 6, 1987 (United States)",6.4,9700.0,Bob Rafelson,Ronald Bass,United States,10500000.0,25205460.0,Twentieth Century Fox,102,0,0,Crime,Drama,Thriller,,,Debra Winger,Theresa Russell,Sami Frey,,
Made in Heaven,PG,1987,"November 6, 1987 (United States)",6.3,3400.0,Alan Rudolph,Bruce A. Evans,United States,13000000.0,4572845.0,Lorimar Motion Pictures,103,0,2,Comedy,Fantasy,Romance,,,Timothy Hutton,Kelly McGillis,Maureen Stapleton,,
Radio Days,PG,1987,"January 30, 1987 (United States)",7.5,33000.0,Woody Allen,Woody Allen,United States,16000000.0,14792779.0,Jack Rollins & Charles H. Joffe Productions,88,3,11,Comedy,,,,,Mia Farrow,Dianne Wiest,Mike Starr,,
Wish You Were Here,R,1987,"July 24, 1987 (United States)",6.8,2900.0,David Leland,David Leland,United Kingdom,,3283832.0,Channel Four Films,88,6,3,Comedy,Drama,,,,Emily Lloyd,Trudi Cavanagh,Clare Clifford,,
Cross My Heart,R,1987,"November 13, 1987 (United States)",5.7,1200.0,Armyan Bernstein,Armyan Bernstein,United States,,1025762.0,Northern,90,0,0,Comedy,Romance,,,,Martin Short,Annette O'Toole,Paul Reiser,,
American Ninja 2: The Confrontation,R,1987,"May 1, 1987 (United States)",4.9,8800.0,Sam Firstenberg,Avi Kleinberger,United States,350000.0,4000000.0,Golan-Globus Productions,90,0,0,Action,Comedy,Drama,,,Michael Dudikoff,Steve James,Larry Poindexter,,
Back to the Beach,PG,1987,"August 7, 1987 (United States)",5.8,3000.0,Lyndall Hobbs,James Komack,United States,,13110903.0,Paramount Pictures,92,0,0,Comedy,Musical,,,,Frankie Avalon,Annette Funicello,Lori Loughlin,,
Bagdad Cafe,PG,1987,"April 22, 1988 (United States)",7.4,14000.0,Percy Adlon,Eleonore Adlon,West Germany,,3731829.0,Pelemele Film,95,14,7,Comedy,Drama,,,,Marianne Sägebrecht,CCH Pounder,Jack Palance,,
The Chipmunk Adventure,G,1987,"May 22, 1987 (United States)",7.2,5400.0,Janice Karman,Janice Karman,United States,,6804312.0,Bagdasarian Productions,77,0,0,Animation,Adventure,Comedy,,,Ross Bagdasarian Jr.,Janice Karman,Dody Goodman,,
The Principal,R,1987,"September 18, 1987 (United States)",6.3,10000.0,Christopher Cain,Frank Deese,United States,11000000.0,19734940.0,TriStar Pictures,109,0,0,Action,Crime,Drama,,,Jim Belushi,Louis Gossett Jr.,Rae Dawn Chong,,
Matewan,PG-13,1987,"August 28, 1987 (United States)",7.9,8000.0,John Sayles,John Sayles,United States,4000000.0,1680358.0,Cinecom Entertainment Group,135,2,8,Drama,History,,,,Chris Cooper,James Earl Jones,Mary McDonnell,,
Prom Night II,R,1987,"October 16, 1987 (United States)",5.7,6100.0,Bruce Pittman,Ron Oliver,Canada,,2683519.0,British Columbia Television,97,0,4,Horror,Thriller,,,,Lisa Schrage,Michael Ironside,Wendy Lyon,,
North Shore,PG,1987,"August 14, 1987 (United States)",6.5,2600.0,William Phelps,William Phelps,United States,,3832228.0,Finnegan/Pinchuk Productions,96,0,0,Action,Drama,Romance,,,Matt Adler,Nia Peeples,Gregory Harrison,,
Project X,PG,1987,"April 17, 1987 (United States)",6.1,12000.0,Jonathan Kaplan,Lawrence Lasker,United States,18000000.0,21589395.0,Twentieth Century Fox,108,0,0,Comedy,Drama,Sci-Fi,,,Matthew Broderick,Helen Hunt,Willie,,
The Big Town,R,1987,"September 25, 1987 (United States)",5.9,2200.0,Ben Bolt,Clark Howard,United States,,1733017.0,Albacore Productions Inc.,109,0,0,Drama,Romance,Thriller,,,Matt Dillon,Diane Lane,Tommy Lee Jones,,
Death Wish 4: The Crackdown,R,1987,"November 6, 1987 (United States)",5.4,9700.0,J. Lee Thompson,Brian Garfield,United States,5000000.0,6880310.0,The Cannon Group,99,0,0,Action,Crime,Drama,,,Charles Bronson,Kay Lenz,John P. Ryan,,
Born in East L.A.,R,1987,"August 21, 1987 (United States)",6.0,6000.0,Cheech Marin,Cheech Marin,United States,,17355263.0,Clear Type,85,4,0,Comedy,,,,,Cheech Marin,Daniel Stern,Paul Rodriguez,,
"Sister, Sister",R,1987,"February 9, 1988 (United States)",5.4,1000.0,Bill Condon,Bill Condon,United States,4000000.0,743445.0,New World Entertainment Films,91,0,0,Drama,Mystery,Romance,,,Eric Stoltz,Jennifer Jason Leigh,Judith Ivey,,
Dead of Winter,R,1987,"February 6, 1987 (United States)",6.2,4100.0,Arthur Penn,Marc Shmuger,United States,,2413427.0,Metro-Goldwyn-Mayer (MGM),100,0,0,Drama,Horror,Thriller,,,Mary Steenburgen,Roddy McDowall,Jan Rubes,,
84 Charing Cross Road,PG,1987,"February 13, 1987 (United States)",7.4,10000.0,David Hugh Jones,Helene Hanff,United Kingdom,,1083486.0,Brooksfilms,100,3,4,Biography,Drama,Romance,,,Anne Bancroft,Anthony Hopkins,Judi Dench,,
Prick Up Your Ears,R,1987,"May 8, 1987 (United States)",7.1,6100.0,Stephen Frears,John Lahr,United Kingdom,,1672927.0,Zenith Entertainment,105,5,8,Biography,Drama,,,,Gary Oldman,Alfred Molina,Vanessa Redgrave,,
The Allnighter,PG-13,1987,"May 1, 1987 (United States)",4.2,1300.0,Tamar Simon Hoffs,Tamar Simon Hoffs,United States,,2700000.0,Aurora Productions LLC,108,0,0,Comedy,Romance,,,,Susanna Hoffs,Dedee Pfeiffer,Joan Cusack,,
The Sicilian,R,1987,"October 23, 1987 (United States)",5.4,5000.0,Michael Cimino,Mario Puzo,United States,9000000.0,5406879.0,Gladden Entertainment,115,0,0,Action,Crime,Drama,,,Christopher Lambert,Terence Stamp,Joss Ackland,,
Russkies,PG,1987,"November 6, 1987 (United States)",5.5,1500.0,Rick Rosenthal,Sheldon Lettich,United States,,2189047.0,New Century Entertainment Corporation,99,0,0,Drama,,,,,Whip Hubley,Joaquin Phoenix,Peter Billingsley,,
The Bedroom Window,R,1987,"January 16, 1987 (United States)",6.4,5700.0,Curtis Hanson,Anne Holden,United States,8300000.0,12640385.0,De Laurentiis Entertainment Group (DEG),112,0,0,Crime,Mystery,Thriller,,,Steve Guttenberg,Elizabeth McGovern,Isabelle Huppert,,
I've Heard the Mermaids Singing,R,1987,March 1988 (United States),6.7,1600.0,Patricia Rozema,Patricia Rozema,Canada,,1414444.0,National Film Board of Canada (NFB),81,3,7,Comedy,Drama,,,,Sheila McCarthy,Paule Baillargeon,Ann-Marie MacDonald,,
No Man's Land,R,1987,"October 23, 1987 (United States)",6.1,4800.0,Peter Werner,Dick Wolf,United States,8000000.0,2877571.0,Orion Pictures,106,0,0,Crime,Drama,Thriller,,,Charlie Sheen,D.B. Sweeney,Lara Harris,,
Walker,R,1987,"December 4, 1987 (United States)",6.5,3500.0,Alex Cox,Rudy Wurlitzer,United States,5800000.0,,In-Cine Compañía Industrial Cinematográfica,94,0,0,Biography,Drama,History,,,Ed Harris,Richard Masur,Rene Auberjonois,,
The Believers,R,1987,"June 10, 1987 (United States)",6.0,7000.0,John Schlesinger,Nicholas Conde,United States,13000000.0,18753438.0,Orion Pictures,114,0,0,Crime,Drama,Horror,,,Martin Sheen,Helen Shaver,Harley Cross,,
Critical Condition,R,1987,"January 16, 1987 (United States)",5.3,3500.0,Michael Apted,Denis Hamill,United States,14000000.0,20240502.0,Paramount Pictures,97,0,0,Comedy,,,,,Richard Pryor,Rachel Ticotin,Rubén Blades,,
The Pick-up Artist,PG-13,1987,"September 18, 1987 (United States)",5.3,7000.0,James Toback,James Toback,United States,15000000.0,13290368.0,Amercent Films,81,0,0,Comedy,Crime,Drama,,,Molly Ringwald,Robert Downey Jr.,Dennis Hopper,,
Gardens of Stone,R,1987,"May 8, 1987 (United States)",6.4,5500.0,Francis Ford Coppola,Nicholas Proffitt,United States,,5262047.0,TriStar Pictures,111,0,2,Drama,Romance,War,,,James Caan,Anjelica Huston,James Earl Jones,,
Light of Day,PG-13,1987,"February 6, 1987 (United States)",5.6,2800.0,Paul Schrader,Paul Schrader,United States,,10489617.0,TAFT Entertainment Pictures,107,0,0,Drama,Music,,,,Michael J. Fox,Gena Rowlands,Joan Jett,,
The Kindred,R,1987,"January 30, 1987 (Canada)",5.5,2000.0,Stephen Carpenter,Stephen Carpenter,United States,,2407024.0,Kindred Limited Partnership,93,0,0,Horror,Sci-Fi,Thriller,,,Rod Steiger,Kim Hunter,David Allen Brooks,,
White Water Summer,PG,1987,"July 10, 1987 (United States)",6.2,5400.0,Jeff Bleckner,Manya Starr,United States,,300859.0,Columbia Pictures,90,0,0,Adventure,Drama,,,,Kevin Bacon,Sean Astin,Jonathan Ward,,
Outrageous Fortune,R,1987,"January 30, 1987 (United States)",6.2,8100.0,Arthur Hiller,Leslie Dixon,United States,,52864741.0,Touchstone Pictures,99,2,0,Comedy,,,,,Shelley Long,Bette Midler,Peter Coyote,,
Hot Pursuit,PG-13,1987,"May 8, 1987 (United States)",5.7,3700.0,Steven Lisberger,Steven Lisberger,United States,,4215849.0,RKO Pictures,93,0,0,Comedy,,,,,John Cusack,Robert Loggia,Jerry Stiller,,
A Prayer for the Dying,R,1987,"September 11, 1987 (United States)",6.3,5100.0,Mike Hodges,Jack Higgins,United Kingdom,6000000.0,1432687.0,The Samuel Goldwyn Company,107,0,0,Action,Crime,Drama,,,Mickey Rourke,Bob Hoskins,Alan Bates,,
Making Mr. Right,PG-13,1987,"April 3, 1987 (United States)",5.5,2800.0,Susan Seidelman,Floyd Byars,United States,,1584970.0,Orion Pictures,98,0,0,Comedy,Romance,Sci-Fi,,,John Malkovich,Ann Magnuson,Glenne Headly,,
The Dead,PG,1987,"December 18, 1987 (United States)",7.2,8000.0,John Huston,James Joyce,United Kingdom,,4370078.0,Vestron Pictures,83,11,19,Drama,,,,,Anjelica Huston,Donal McCann,Helena Carroll,,
Assassination,PG-13,1987,"January 9, 1987 (United States)",5.1,3300.0,Peter R. Hunt,Richard Sale,United States,5000000.0,6075793.0,The Cannon Group,88,0,0,Action,Drama,Thriller,,,Charles Bronson,Jill Ireland,Stephen Elliott,,
The Curse,R,1987,"September 14, 1988 (Spain)",5.1,3300.0,David Keith,David Chaskin,Italy,,1930001.0,Trans World Entertainment (TWE),92,0,0,Horror,Sci-Fi,,,,Wil Wheaton,Claude Akins,Malcolm Danare,,
Like Father Like Son,PG-13,1987,"October 2, 1987 (United States)",5.2,6000.0,Rod Daniel,Lorne Cameron,United States,10500000.0,34377585.0,Imagine Films Entertainment,100,2,0,Comedy,Fantasy,,,,Dudley Moore,Kirk Cameron,Margaret Colin,,
Tin Men,R,1987,"March 13, 1987 (United States)",6.6,8600.0,Barry Levinson,Barry Levinson,United States,11000000.0,25411386.0,Touchstone Pictures,112,0,0,Comedy,Drama,,,,Richard Dreyfuss,Danny DeVito,Barbara Hershey,,
Hiding Out,PG-13,1987,"November 6, 1987 (United States)",6.3,3800.0,Bob Giraldi,Joe Menosky,United States,7000000.0,7019441.0,De Laurentiis Entertainment Group (DEG),98,0,0,Comedy,Drama,Romance,,,Jon Cryer,Keith Coogan,Annabeth Gish,,
Fatal Beauty,R,1987,"October 30, 1987 (United States)",5.3,3700.0,Tom Holland,Bill Svanoe,United States,,12046526.0,Metro-Goldwyn-Mayer (MGM),104,2,0,Action,Comedy,Crime,,,Whoopi Goldberg,Sam Elliott,Rubén Blades,,
Street Smart,R,1987,"March 20, 1987 (United States)",6.3,3200.0,Jerry Schatzberg,David Freeman,United States,5000000.0,1119112.0,Golan-Globus Productions,97,6,3,Crime,Drama,Thriller,,,Christopher Reeve,Kathy Baker,Mimi Rogers,,
Tough Guys Don't Dance,R,1987,"September 18, 1987 (United States)",4.9,1500.0,Norman Mailer,Norman Mailer,United States,5000000.0,858250.0,Golan-Globus Productions,110,0,10,Comedy,Crime,Drama,,,Ryan O'Neal,Isabella Rossellini,Debra Stipe,,
Nuts,R,1987,"December 11, 1987 (United States)",6.6,6500.0,Martin Ritt,Tom Topor,United States,25000000.0,30950002.0,Warner Bros.,116,0,4,Drama,Thriller,,,,Barbra Streisand,Richard Dreyfuss,Maureen Stapleton,,
Boyfriends and Girlfriends,PG,1987,"July 15, 1988 (United States)",7.5,4800.0,Éric Rohmer,Éric Rohmer,France,,824344.0,Les Films du Losange,103,0,4,Comedy,Drama,Romance,,,Emmanuelle Chaulet,Sophie Renoir,Anne-Laure Meury,,
The Whales of August,Not Rated,1987,"August 19, 1987 (France)",7.2,4800.0,Lindsay Anderson,David Berry,United States,,1338198.0,Nelson Entertainment,90,2,6,Drama,,,,,Bette Davis,Lillian Gish,Vincent Price,,
The Outing,R,1987,"November 21, 1987 (Japan)",5.0,1800.0,Tom Daley,Warren Chaney,United States,2000000.0,1083395.0,H.I.T. Films,87,0,0,Horror,,,,,Deborah Winters,James Huston,Andra St. Ivanyi,,
A Month in the Country,PG,1987,"December 4, 1987 (United Kingdom)",6.8,1700.0,Pat O'Connor,Simon Gray,United Kingdom,,,Channel Four Films,96,0,0,Drama,,,,,Colin Firth,Kenneth Branagh,John Atkinson,,
Slam Dance,R,1987,"October 2, 1987 (United States)",5.2,1500.0,Wayne Wang,Don Keith Opper,United Kingdom,4500000.0,406881.0,Zenith Entertainment,92,0,2,Crime,Drama,Mystery,,,Tom Hulce,Mary Elizabeth Mastrantonio,Virginia Madsen,,
Nightflyers,R,1987,"April 7, 1988 (Australia)",4.3,1300.0,Robert Collector,George R.R. Martin,United States,,1149470.0,Vista Organization,89,0,0,Horror,Mystery,Sci-Fi,,,Catherine Mary Stewart,Michael Praed,John Standing,,
My Demon Lover,PG-13,1987,"April 24, 1987 (United States)",4.6,1400.0,Charlie Loventhal,Leslie Ray,United States,,3922273.0,New Line Cinema,90,0,0,Comedy,Fantasy,Horror,,,Scott Valentine,Michele Little,Robert Trebor,,
Return to Horror High,R,1987,"February 20, 1987 (United States)",4.3,3300.0,Bill Froehlich,Bill Froehlich,United States,,1189709.0,Balcor Film Investors,95,0,0,Comedy,Horror,,,,Lori Lethin,Brendan Hughes,Alex Rocco,,
China Girl,R,1987,"September 25, 1987 (United States)",6.2,1900.0,Abel Ferrara,Nicholas St. John,United States,,1262091.0,Great American Films Limited Partnership,90,0,0,Crime,Drama,Romance,,,James Russo,Richard Panebianco,Sari Chang,,
My Best Friend Is a Vampire,PG,1987,"May 6, 1988 (United States)",6.0,3700.0,Jimmy Huston,Tab Murphy,United States,,174380.0,Kings Road Entertainment,89,0,0,Comedy,Horror,Romance,,,Robert Sean Leonard,Evan Mirand,LeeAnne Locken,,
Creepozoids,R,1987,"October 2, 1987 (United States)",3.9,2400.0,David DeCoteau,Dave Eisenstark,United States,75000.0,,Titan Productions,72,0,0,Horror,Sci-Fi,,,,Linnea Quigley,Ken Abraham,Michael Aranda,,
White Mischief,R,1987,"May 6, 1988 (United States)",6.3,2800.0,Michael Radford,James Fox,United Kingdom,5300000.0,3107551.0,Columbia Pictures,107,0,2,Crime,Drama,Mystery,,,Sarah Miles,Joss Ackland,Greta Scacchi,,
Hunk,PG,1987,"March 6, 1987 (United States)",4.6,1400.0,Lawrence Bassoff,Lawrence Bassoff,United States,,1749956.0,Marimark Productions,102,0,0,Comedy,Fantasy,,,,John Allen Nelson,Steve Levitt,Deborah Shelton,,
Steel Dawn,R,1987,"March 31, 1988 (South Africa)",5.1,5000.0,Lance Hool,Doug Lefler,United States,3520000.0,562187.0,Independent Film Centre,100,0,0,Action,Adventure,Sci-Fi,,,Patrick Swayze,Lisa Niemi,Anthony Zerbe,,
Rampage,R,1987,"October 30, 1992 (United States)",6.2,2200.0,William Friedkin,William P. Wood,United States,7500000.0,796368.0,De Laurentiis Entertainment Group (DEG),97,0,2,Drama,Thriller,,,,Michael Biehn,Alex McArthur,Nicholas Campbell,,
Date with an Angel,PG,1987,"November 20, 1987 (United States)",5.6,2800.0,Tom McLoughlin,Tom McLoughlin,United States,8000000.0,1988962.0,De Laurentiis Entertainment Group (DEG),105,0,0,Comedy,Fantasy,Romance,,,Michael E. Knight,Phoebe Cates,Emmanuelle Béart,,
Hollywood Shuffle,R,1987,"March 20, 1987 (United States)",6.9,5600.0,Robert Townsend,Dom Irrera,United States,100000.0,5228617.0,Conquering Unicorn,78,4,3,Comedy,,,,,Robert Townsend,Craigus R. Johnson,Helen Martin,,
The Squeeze,PG-13,1987,"July 10, 1987 (United States)",4.7,1200.0,Roger Young,Daniel Taplitz,United States,19000000.0,2228951.0,TriStar Pictures,101,0,0,Action,Comedy,Crime,,,Michael Keaton,Rae Dawn Chong,Ric Abernathy,,
Best Seller,R,1987,"September 25, 1987 (United States)",6.4,5500.0,John Flynn,Larry Cohen,United States,,4278150.0,Hemdale,95,0,2,Action,Crime,Drama,,,James Woods,Brian Dennehy,Victoria Tennant,,
Siesta,R,1987,"November 11, 1987 (United States)",5.5,2300.0,Mary Lambert,Patrice Chaplin,United States,,700000.0,Lorimar Motion Pictures,97,0,4,Drama,Mystery,Romance,,,Ellen Barkin,Gabriel Byrne,Julian Sands,,
Prison,R,1987,"December 8, 1987 (United Kingdom)",5.8,4300.0,Renny Harlin,Irwin Yablans,United States,4000000.0,345704.0,Empire Pictures,102,0,2,Crime,Drama,Horror,,,Lane Smith,Viggo Mortensen,Chelsea Field,,
High Season,R,1987,June 1988 (United States),5.3,417.0,Clare Peploe,Clare Peploe,United Kingdom,,,British Screen Productions,90,0,0,Comedy,Romance,,,,Jacqueline Bisset,James Fox,Irene Papas,,
The House on Carroll Street,PG,1987,1987 (United States),6.1,2500.0,Peter Yates,Walter Bernstein,United States,14000000.0,459824.0,Orion Pictures,101,0,0,Thriller,,,,,Kelly McGillis,Jeff Daniels,Mandy Patinkin,,
Five Corners,R,1987,May 1988 (United Kingdom),6.1,3500.0,Tony Bill,John Patrick Shanley,United Kingdom,5500000.0,969205.0,Cineplex Odeon Films,90,0,4,Crime,Drama,Thriller,,,Jodie Foster,Tim Robbins,Todd Graff,,
Leonard Part 6,PG,1987,"December 18, 1987 (United States)",2.2,8300.0,Paul Weiland,Jonathan Reynolds,United States,24000000.0,4615255.0,Columbia Pictures,85,3,4,Action,Comedy,Sci-Fi,,,Bill Cosby,Tom Courtenay,Joe Don Baker,,
"No Retreat, No Surrender 2",R,1987,"January 27, 1989 (United States)",5.0,1800.0,Corey Yuen,Maria Elena Cellino,Hong Kong,,,Seasonal Film Corporation,92,0,0,Adventure,Action,,,,Loren Avedon,Max Thayer,Cynthia Rothrock,,
Personal Services,R,1987,"May 15, 1987 (United States)",6.4,1600.0,Terry Jones,David Leland,United Kingdom,19897678.0,1744164.0,British Screen Productions,105,0,2,Comedy,,,,,Julie Walters,Alec McCowen,Shirley Stelfox,,
White of the Eye,R,1987,"June 19, 1987 (United Kingdom)",6.1,2400.0,Donald Cammell,China Kong,United Kingdom,,,Mrs. White's Productions,110,0,0,Horror,Thriller,,,,David Keith,Cathy Moriarty,Alan Rosenberg,,
Housekeeping,PG,1987,"February 5, 1988 (Sweden)",7.2,2500.0,Bill Forsyth,Marilynne Robinson,United States,,1083282.0,Columbia Pictures,116,2,3,Comedy,Drama,,,,Christine Lahti,Sara Walker,Andrea Burchill,,
Maid to Order,PG,1987,"July 31, 1987 (United States)",5.5,3400.0,Amy Holden Jones,Amy Holden Jones,United States,3000000.0,9868521.0,Vista Organization,93,0,0,Fantasy,Comedy,,,,Ally Sheedy,Beverly D'Angelo,Michael Ontkean,,
Disorderlies,PG,1987,"August 14, 1987 (United States)",4.9,2200.0,Michael Schultz,Mark Feldberg,United States,,10348437.0,Warner Bros.,86,0,0,Comedy,,,,,Darren Robinson,Damon Wimbley,Mark Morales,,
"Silent Night, Deadly Night Part 2",R,1987,"April 10, 1987 (United States)",3.8,7400.0,Lee Harry,Michael Hickey,United States,100000.0,,Silent Night Releasing Corporation,88,0,0,Horror,Thriller,,,,Eric Freeman,James Newman,Elizabeth Kaitan,,
Rent-a-Cop,R,1987,"January 15, 1988 (United States)",4.6,1900.0,Jerry London,Michael Blodgett,United States,,295000.0,Kings Road Entertainment,96,0,0,Action,Comedy,Crime,,,Burt Reynolds,Liza Minnelli,James Remar,,
Hello Again,PG,1987,"November 6, 1987 (United States)",5.2,3500.0,Frank Perry,Susan Isaacs,United States,,20419446.0,Touchstone Pictures,96,0,0,Comedy,Drama,Fantasy,,,Shelley Long,Judith Ivey,Gabriel Byrne,,
From a Whisper to a Scream,R,1987,"September 25, 1987 (United States)",5.8,2500.0,Jeff Burr,C. Courtney Joyner,United States,1100000.0,1355728.0,Conquest Productions,99,0,0,Action,Drama,Horror,,,Vincent Price,Clu Gulager,Terry Kiser,,
Little Dorrit,G,1987,"October 21, 1988 (United States)",7.2,1100.0,Christine Edzard,Charles Dickens,United Kingdom,,1025228.0,Sands,357,3,8,Drama,Romance,,,,Derek Jacobi,Alec Guinness,Joan Greenwood,,
The Glass Menagerie,PG,1987,"May 27, 1987 (France)",7.1,2100.0,Paul Newman,Tennessee Williams,United States,,895904.0,Cineplex Odeon Films,134,0,6,Drama,,,,,Joanne Woodward,John Malkovich,Karen Allen,,
Real Men,PG-13,1987,"September 25, 1987 (United States)",6.0,4300.0,Dennis Feldman,Dennis Feldman,United States,,873903.0,United Artists,85,0,0,Action,Comedy,Sci-Fi,,,Jim Belushi,John Ritter,Barbara Barrie,,
Oci ciornie,,1987,"November 6, 1987 (United States)",7.3,3200.0,Nikita Mikhalkov,Aleksandr Adabashyan,Italy,,2201428.0,Excelsior Film-TV,118,12,23,Comedy,Romance,Drama,,,Marcello Mastroianni,Silvana Mangano,Marthe Keller,,
Burglar,R,1987,"March 20, 1987 (United States)",5.1,4400.0,Hugh Wilson,Lawrence Block,Canada,12500000.0,16337355.0,Nelvana,103,0,0,Comedy,Crime,,,,Whoopi Goldberg,Bobcat Goldthwait,G.W. Bailey,,
Straight to Hell Returns,R,1987,"June 26, 1987 (United States)",5.5,2500.0,Alex Cox,Alex Cox,United Kingdom,1000000.0,210200.0,Commies From Mars Corporation,86,0,0,Action,Comedy,Western,,,Sy Richardson,Joe Strummer,Dick Rude,,
Crazy Love,,1987,1987 (Belgium),6.8,1200.0,Dominique Deruddere,Charles Bukowski,Belgium,,,Centre du Cinéma et de l'Audiovisuel de la Fédération Wallonie-Bruxelles,90,7,0,Drama,,,,,Josse De Pauw,Geert Hunaerts,Michael Pas,,
A Man in Love,R,1987,September 1987 (United States),5.9,618.0,Diane Kurys,Diane Kurys,France,,949451.0,Alexandre Films,125,0,3,Drama,Romance,,,,Peter Coyote,Greta Scacchi,Jamie Lee Curtis,,
Zombie High,R,1987,"October 2, 1987 (United States)",4.2,1200.0,Ron Link,Tim Doyle,United States,,21905.0,Cinema Group,93,0,0,Comedy,Horror,,,,Virginia Madsen,Richard Cox,Kay E. Kuter,,
The Year My Voice Broke,PG-13,1987,"October 17, 1987 (United States)",7.4,2100.0,John Duigan,John Duigan,Australia,,213901.0,Kennedy Miller Productions,103,6,4,Drama,Romance,,,,Noah Taylor,Loene Carmen,Ben Mendelsohn,,
Walk Like a Man,PG,1987,"April 17, 1987 (United States)",4.7,1500.0,Melvin Frank,Robert Klane,United States,,,Metro-Goldwyn-Mayer (MGM),86,0,0,Comedy,,,,,Christopher Lloyd,Howie Mandel,Cloris Leachman,,
In the Mood,PG-13,1987,"September 16, 1987 (United States)",6.1,1000.0,Phil Alden Robinson,Robert Kosberg,United States,7000000.0,999382.0,Kings Road Entertainment,98,0,0,Comedy,Romance,,,,Patrick Dempsey,Talia Balsam,Beverly D'Angelo,,
Intervista,,1987,"November 6, 1992 (United States)",7.0,2800.0,Federico Fellini,Federico Fellini,Italy,,138608.0,Aljosha,105,3,10,Comedy,Drama,Fantasy,,,Sergio Rubini,Antonella Ponziani,Maurizio Mein,,
Promised Land,R,1987,"January 22, 1988 (United States)",5.7,1400.0,Michael Hoffman,Michael Hoffman,United States,,316199.0,Great American Films Limited Partnership,102,0,3,Drama,,,,,Jason Gedrick,Kiefer Sutherland,Meg Ryan,,
The Belly of an Architect,R,1987,"July 13, 1990 (United States)",6.9,5800.0,Peter Greenaway,Peter Greenaway,United Kingdom,,,Callender Company,119,0,2,Drama,,,,,Brian Dennehy,Chloe Webb,Lambert Wilson,,
Summer Heat,R,1987,"April 21, 1988 (Australia)",4.7,268.0,Michie Gleason,Michie Gleason,United States,,350481.0,,80,0,0,Drama,,,,,Lori Singer,Anthony Edwards,Bruce Abbott,,
Square Dance,PG-13,1987,July 1987 (Australia),5.7,984.0,Daniel Petrie,Alan Hines,United States,4000000.0,225358.0,Island Pictures,112,0,0,Drama,Romance,,,,Jason Robards,Jane Alexander,Winona Ryder,,
Surrender,PG,1987,"October 9, 1987 (United States)",5.4,986.0,Jerry Belson,Jerry Belson,United States,15000000.0,5711976.0,The Cannon Group,105,0,0,Comedy,,,,,Sally Field,Michael Caine,Steve Guttenberg,,
Cyclone,R,1987,"June 5, 1987 (United States)",4.4,1000.0,Fred Olen Ray,Paul Garson,United States,,,Cinetel Films,89,0,0,Action,Drama,Sci-Fi,,,Heather Thomas,Jeffrey Combs,Ashley Ferrare,,
The Good Wife,R,1987,"May 14, 1987 (United States)",5.7,544.0,Ken Cameron,Peter Kenna,Australia,,1155020.0,Laughing Kookaburra Productions,98,2,6,Drama,Romance,,,,Rachel Ward,Bryan Brown,Steven Vidler,,
Wings of Honneamise,Unrated,1987,"March 10, 1995 (United States)",7.2,5200.0,Hiroyuki Yamaga,Hiroyuki Yamaga,Japan,,60634.0,Bandai Visual Company,121,0,0,Animation,Drama,Sci-Fi,,,Leo Morimoto,David Thomas,Mitsuki Yayoi,,
Pass the Ammo,R,1987,"March 4, 1988 (United States)",6.0,579.0,David Beaird,Joel Cohen,United States,,169785.0,The Vista Organisation,93,0,0,Comedy,Drama,,,,Bill Paxton,Linda Kozlowski,Tim Curry,,
Four Adventures of Reinette and Mirabelle,Not Rated,1987,"July 19, 1989 (United States)",7.5,2800.0,Éric Rohmer,Éric Rohmer,France,,22039.0,Compagnie Eric Rohmer (CER),99,0,0,Comedy,Drama,Romance,,,Joëlle Miquel,Jessica Forde,Mr. Housseau,,
From the Hip,PG,1987,"February 6, 1987 (United States)",6.1,2400.0,Bob Clark,Bob Clark,United States,9000000.0,9518342.0,De Laurentiis Entertainment Group (DEG),111,0,0,Comedy,Crime,Drama,,,Judd Nelson,Elizabeth Perkins,John Hurt,,
World Gone Wild,R,1987,"April 22, 1988 (United States)",5.0,914.0,Lee H. Katzin,Jorge Zamacona,United States,,323947.0,Apollo Pictures,95,0,0,Action,Sci-Fi,,,,Bruce Dern,Michael Paré,Catherine Mary Stewart,,
